page;serie;titre;type;drive_id;url_drive;chemin_local;nom_fichier_cdn_suggere
"audios";"Aux pieds du Seigneur";"Session du 26 Février 2022";"LOCAL";"";"";"assets/audio/Aux-pieds-du-Seigneur_20220226.mp3";"Aux-pieds-du-Seigneur_20220226.mp3"
"audios";"Aux pieds du Seigneur";"Session du 19 Février 2022";"LOCAL";"";"";"assets/audio/Aux-pieds-du-Seigneur_20220219.mp3";"Aux-pieds-du-Seigneur_20220219.mp3"
"audios";"Aux pieds du Seigneur";"Session du 29 Janvier 2022";"LOCAL";"";"";"assets/audio/Aux-pieds-du-Seigneur_20220129.mp3";"Aux-pieds-du-Seigneur_20220129.mp3"
"audios";"Revêtement spirituel";"Les 7 types de revêtement — Partie 4";"DRIVE";"1ywmM-lgy2Ikt05wuBq9iMrPQGgKiIHU3";"https://drive.google.com/uc?export=download&id=1ywmM-lgy2Ikt05wuBq9iMrPQGgKiIHU3";"";"audios_004_les-7-types-de-revetement-partie-4.mp3"
"audios";"Revêtement spirituel";"Les sept types de revêtement — Partie 5";"DRIVE";"1kTynfxTAidfMsmlGpzhK3eEP_0_wdpNk";"https://drive.google.com/uc?export=download&id=1kTynfxTAidfMsmlGpzhK3eEP_0_wdpNk";"";"audios_005_les-sept-types-de-revetement-partie-5.mp3"
"audios";"La vraie vigne";"La Vraie Vigne — 1ère partie";"LOCAL";"";"";"assets/audio/La-vraie-vigne_Part1.mp3";"La-vraie-vigne_Part1.mp3"
"audios";"Témoins · Ésaïe 43:10";"Vous êtes mes témoins, vous et mon serviteur — Part 7";"LOCAL";"";"";"assets/audio/Guiglo_2020_msg5_Part_7.mp3";"Guiglo_2020_msg5_Part_7.mp3"
"audios";"Mariage · Royaume";"Comment gérer son mariage — Partie 1";"DRIVE";"1epc460ygrTFywEmpmRckhHDNuEbw-vn6";"https://drive.google.com/uc?export=download&id=1epc460ygrTFywEmpmRckhHDNuEbw-vn6";"";"audios_008_comment-gerer-son-mariage-partie-1.mp3"
"audios";"Mariage · Royaume";"Comment gérer son mariage selon l'économie du Royaume — Partie 2";"DRIVE";"18bwg4tJAgmHmfQlPOT_x5_-2KCc88x3-";"https://drive.google.com/uc?export=download&id=18bwg4tJAgmHmfQlPOT_x5_-2KCc88x3-";"";"audios_009_comment-gerer-son-mariage-selon-l-economie-du-royaume-partie-2.mp3"
"audios";"Mariage · Royaume";"Comment gérer son mariage selon l'économie du Royaume — Partie 3";"DRIVE";"1sJY2VIJYt8R9TLzmLDyYI5PSM-IOSvOO";"https://drive.google.com/uc?export=download&id=1sJY2VIJYt8R9TLzmLDyYI5PSM-IOSvOO";"";"audios_010_comment-gerer-son-mariage-selon-l-economie-du-royaume-partie-3.mp3"
"audios";"Espérance";"En attendant sa bienheureuse espérance — Partie 1";"DRIVE";"1YH_bfN1877Uvzh3E7DftU5dpV0KGI-u6";"https://drive.google.com/uc?export=download&id=1YH_bfN1877Uvzh3E7DftU5dpV0KGI-u6";"";"audios_011_en-attendant-sa-bienheureuse-esperance-partie-1.mp3"
"audios";"Espérance";"En attendant sa bienheureuse espérance — Partie 2";"DRIVE";"19PrBexsSiufxaQmxO5LvwpxJ_EvzQUQq";"https://drive.google.com/uc?export=download&id=19PrBexsSiufxaQmxO5LvwpxJ_EvzQUQq";"";"audios_012_en-attendant-sa-bienheureuse-esperance-partie-2.mp3"
"audios";"Repos";"Entrer dans son repos — La nécessité du repos";"DRIVE";"1JmTB3whK01xLMNs-AgIDjf9O3RQ4av5R";"https://drive.google.com/uc?export=download&id=1JmTB3whK01xLMNs-AgIDjf9O3RQ4av5R";"";"audios_013_entrer-dans-son-repos-la-necessite-du-repos.mp3"
"audios";"Repos";"Entrer dans son repos — Introduction générale Partie 1";"DRIVE";"17VtoswuFWWR_jWmLhNBFAR3Y2OlZ6YIg";"https://drive.google.com/uc?export=download&id=17VtoswuFWWR_jWmLhNBFAR3Y2OlZ6YIg";"";"audios_014_entrer-dans-son-repos-introduction-generale-partie-1.mp3"
"audios";"Repos";"Entrer dans son repos — Introduction générale Partie 2";"DRIVE";"19PrBexsSiufxaQmxO5LvwpxJ_EvzQUQq";"https://drive.google.com/uc?export=download&id=19PrBexsSiufxaQmxO5LvwpxJ_EvzQUQq";"";"audios_015_entrer-dans-son-repos-introduction-generale-partie-2.mp3"
"audios";"Le repos de YAHWEH";"Le repos de YAHWEH — Partie 1";"DRIVE";"1-9f05t25l-4yi-yx-Ckd4NxpZ8fYW7A0";"https://drive.google.com/uc?export=download&id=1-9f05t25l-4yi-yx-Ckd4NxpZ8fYW7A0";"";"audios_016_le-repos-de-yahweh-partie-1.mp3"
"audios";"Le repos de YAHWEH";"Le repos de YAHWEH — Partie 2";"DRIVE";"1BFDn6NdP9VulasTmiA8y0UEEOUeYV4CC";"https://drive.google.com/uc?export=download&id=1BFDn6NdP9VulasTmiA8y0UEEOUeYV4CC";"";"audios_017_le-repos-de-yahweh-partie-2.mp3"
"audios";"Le repos de YAHWEH";"Le Repos de YAHWEH — Partie 3";"DRIVE";"1dUkGxU5bG0aisXJBw-PpIu6Lfnj0KjDH";"https://drive.google.com/uc?export=download&id=1dUkGxU5bG0aisXJBw-PpIu6Lfnj0KjDH";"";"audios_018_le-repos-de-yahweh-partie-3.mp3"
"audios";"Doctrines fondamentales";"Les doctrines fondamentales de la foi — Partie 1";"DRIVE";"19POZrgvkOR22_G58JesnF7Xa6jO19XBZ";"https://drive.google.com/uc?export=download&id=19POZrgvkOR22_G58JesnF7Xa6jO19XBZ";"";"audios_019_les-doctrines-fondamentales-de-la-foi-partie-1.mp3"
"audios";"Doctrines fondamentales";"Les doctrines fondamentales de la foi — Partie 2";"DRIVE";"1FXG5DfejtwjhUzkw8dz5Yq4Th0UoV9TV";"https://drive.google.com/uc?export=download&id=1FXG5DfejtwjhUzkw8dz5Yq4Th0UoV9TV";"";"audios_020_les-doctrines-fondamentales-de-la-foi-partie-2.mp3"
"audios";"Doctrines fondamentales";"Les doctrines fondamentales de la foi — Partie 3";"DRIVE";"1S2_BpC8l0emWkJxgh1EptFPIgjbNXsFZ";"https://drive.google.com/uc?export=download&id=1S2_BpC8l0emWkJxgh1EptFPIgjbNXsFZ";"";"audios_021_les-doctrines-fondamentales-de-la-foi-partie-3.mp3"
"audios";"Doctrines fondamentales";"Les doctrines fondamentales de la foi — Partie 4";"DRIVE";"1lI9P45jn-epcxbQrcJigs9GL15mdvYis";"https://drive.google.com/uc?export=download&id=1lI9P45jn-epcxbQrcJigs9GL15mdvYis";"";"audios_022_les-doctrines-fondamentales-de-la-foi-partie-4.mp3"
"audios";"Doctrines fondamentales";"Les doctrines fondamentales de la foi — Partie 5";"DRIVE";"1hMUv4EpUss-iNK0pv9aF1VjAHUSrwzxU";"https://drive.google.com/uc?export=download&id=1hMUv4EpUss-iNK0pv9aF1VjAHUSrwzxU";"";"audios_023_les-doctrines-fondamentales-de-la-foi-partie-5.mp3"
"audios";"Puits d'eau vive";"Puits d'eau vive — Partie 1";"DRIVE";"1pHtbPN5aXfLQ8CaBQ5ijAqMGIDH9BGl-";"https://drive.google.com/uc?export=download&id=1pHtbPN5aXfLQ8CaBQ5ijAqMGIDH9BGl-";"";"audios_024_puits-d-eau-vive-partie-1.mp3"
"audios";"Puits d'eau vive";"Puits d'eau vive — Partie 2";"DRIVE";"1G5dYqobe2pxkI0tsLaCNvPgRSshKkXa4";"https://drive.google.com/uc?export=download&id=1G5dYqobe2pxkI0tsLaCNvPgRSshKkXa4";"";"audios_025_puits-d-eau-vive-partie-2.mp3"
"audios";"Puits d'eau vive";"Puits d'eau vive — Partie 3";"DRIVE";"1PVsFYRmdhZzjqVnuy1okhH89jL64l7Ur";"https://drive.google.com/uc?export=download&id=1PVsFYRmdhZzjqVnuy1okhH89jL64l7Ur";"";"audios_026_puits-d-eau-vive-partie-3.mp3"
"audios";"Puits d'eau vive";"Puits d'eau vive — Partie 4";"DRIVE";"13qLqhOSxMnIfU8SaK1Gft4MT0JD6kdmI";"https://drive.google.com/uc?export=download&id=13qLqhOSxMnIfU8SaK1Gft4MT0JD6kdmI";"";"audios_027_puits-d-eau-vive-partie-4.mp3"
"audios";"Puits d'eau vive";"Puits d'eau vive — Parties 5 et 6";"DRIVE";"1MDYMKuV6lMqqyQuX94d6Z4wDWnAwRAH5";"https://drive.google.com/uc?export=download&id=1MDYMKuV6lMqqyQuX94d6Z4wDWnAwRAH5";"";"audios_028_puits-d-eau-vive-parties-5-et-6.mp3"
"audios";"Quiconque vit et croit";"Quiconque vit et croit en moi — Partie 1";"DRIVE";"10Bd1HQCmwOJd_BK0yVR8203lppo0si6n";"https://drive.google.com/uc?export=download&id=10Bd1HQCmwOJd_BK0yVR8203lppo0si6n";"";"audios_029_quiconque-vit-et-croit-en-moi-partie-1.mp3"
"audios";"Quiconque vit et croit";"Quiconque vit et croit en moi — Partie 2";"DRIVE";"1P-WJ-2lsnwSHUtYYj0bNkO8JLYtvXUU0";"https://drive.google.com/uc?export=download&id=1P-WJ-2lsnwSHUtYYj0bNkO8JLYtvXUU0";"";"audios_030_quiconque-vit-et-croit-en-moi-partie-2.mp3"
"audios";"Quiconque vit et croit";"Quiconque vit et croit en moi — Partie 3";"DRIVE";"1nXs--gUIelKICRjf1uwcI0jt-SFB3LXX";"https://drive.google.com/uc?export=download&id=1nXs--gUIelKICRjf1uwcI0jt-SFB3LXX";"";"audios_031_quiconque-vit-et-croit-en-moi-partie-3.mp3"
"audios";"Temps et saisons";"Comprendre les temps et les saisons de l'église — Partie 1";"DRIVE";"1eQ1XpvuC_cHANcHjIkZo0mGKhTuwK8NB";"https://drive.google.com/uc?export=download&id=1eQ1XpvuC_cHANcHjIkZo0mGKhTuwK8NB";"";"audios_032_comprendre-les-temps-et-les-saisons-de-l-eglise-partie-1.mp3"
"audios";"Temps et saisons";"Comprendre les temps et les saisons de l'église — Partie 2";"DRIVE";"10fTznTTAl-jMuQH2mr-I2ZRxn6itok0R";"https://drive.google.com/uc?export=download&id=10fTznTTAl-jMuQH2mr-I2ZRxn6itok0R";"";"audios_033_comprendre-les-temps-et-les-saisons-de-l-eglise-partie-2.mp3"
"audios";"Temps et saisons";"Comprendre les temps et les saisons de l'église — Partie 3";"DRIVE";"1TUMdUIsvIQcvL7GihBaAMMUXbWZJI4B4";"https://drive.google.com/uc?export=download&id=1TUMdUIsvIQcvL7GihBaAMMUXbWZJI4B4";"";"audios_034_comprendre-les-temps-et-les-saisons-de-l-eglise-partie-3.mp3"
"audios";"Temps et saisons";"Comprendre les temps et les saisons de l'église — Partie 4";"DRIVE";"1ubhUZqonxP9rXFH0aS11MXdzj8lxooCJ";"https://drive.google.com/uc?export=download&id=1ubhUZqonxP9rXFH0aS11MXdzj8lxooCJ";"";"audios_035_comprendre-les-temps-et-les-saisons-de-l-eglise-partie-4.mp3"
"audios";"Délivrance";"La délivrance — Partie 1";"DRIVE";"1gb9Ev0Z0MrpxOHn4twOVquM9LUPsCKFI";"https://drive.google.com/uc?export=download&id=1gb9Ev0Z0MrpxOHn4twOVquM9LUPsCKFI";"";"audios_036_la-delivrance-partie-1.mp3"
"audios";"Délivrance";"La délivrance — Partie 2";"DRIVE";"1y_l2V7aSIsUStIPwFw-IhoDOIUlGZvfj";"https://drive.google.com/uc?export=download&id=1y_l2V7aSIsUStIPwFw-IhoDOIUlGZvfj";"";"audios_037_la-delivrance-partie-2.mp3"
"audios";"Délivrance";"La délivrance — Partie 3";"DRIVE";"11DQ-UpGTPRZgTz2aWM7pcIP6JW8cO0Pj";"https://drive.google.com/uc?export=download&id=11DQ-UpGTPRZgTz2aWM7pcIP6JW8cO0Pj";"";"audios_038_la-delivrance-partie-3.mp3"
"audios";"Délivrance";"La délivrance — Partie 4";"DRIVE";"1RsCCiXqrB5nfe4WVHBPRoAplf98NpQJQ";"https://drive.google.com/uc?export=download&id=1RsCCiXqrB5nfe4WVHBPRoAplf98NpQJQ";"";"audios_039_la-delivrance-partie-4.mp3"
"audios";"Enseignement";"Le sentier du repos";"DRIVE";"1EmXpny7so0aIVyFefXqsd1kCnfJ-bxje";"https://drive.google.com/uc?export=download&id=1EmXpny7so0aIVyFefXqsd1kCnfJ-bxje";"";"audios_040_le-sentier-du-repos.mp3"
"audios";"Enseignement";"Le rocher des âges";"DRIVE";"1uRXDJPMpZfwK1kApiEtWWX8QyuuH4za1";"https://drive.google.com/uc?export=download&id=1uRXDJPMpZfwK1kApiEtWWX8QyuuH4za1";"";"audios_041_le-rocher-des-ages.mp3"
"audios";"Enseignement";"La puissance de la parole";"LOCAL";"";"";"assets/audio/Guiglo_msg_3_puissance-de-la-Parole.mp3";"Guiglo_msg_3_puissance-de-la-Parole.mp3"
"podcasts";"Fondements";"Etre fondé et être enraciné dans l'amour";"DRIVE";"1dlMqM_rv-5UXqpd1BDdqvAl__AnQf0JG";"https://drive.google.com/uc?export=download&id=1dlMqM_rv-5UXqpd1BDdqvAl__AnQf0JG";"";"podcasts_043_etre-fonde-et-etre-enracine-dans-l-amour.mp3"
"podcasts";"Fondements";"L'œuvre de la foi et l'épreuve de la foi";"DRIVE";"1z2MiPIzxzy587Wka-Ng09O-6XiehfRhY";"https://drive.google.com/uc?export=download&id=1z2MiPIzxzy587Wka-Ng09O-6XiehfRhY";"";"podcasts_044_l-uvre-de-la-foi-et-l-epreuve-de-la-foi.mp3"
"podcasts";"Fondements";"Qu'est-ce qu'une doctrine et la doctrine de la résurrection des morts";"DRIVE";"1V9fqWsP451YK4VSoEco9Y9Z-k7oiO-gV";"https://drive.google.com/uc?export=download&id=1V9fqWsP451YK4VSoEco9Y9Z-k7oiO-gV";"";"podcasts_045_qu-est-ce-qu-une-doctrine-et-la-doctrine-de-la-resurrection-des-morts.mp3"
"podcasts";"Fondements";"Qu'est-ce que la repentance, la confession et la restitution";"DRIVE";"1BJ2g8RI17r6ZDu2fsWvQ8GEer7nP6swm";"https://drive.google.com/uc?export=download&id=1BJ2g8RI17r6ZDu2fsWvQ8GEer7nP6swm";"";"podcasts_046_qu-est-ce-que-la-repentance-la-confession-et-la-restitution.mp3"
"podcasts";"Fondements";"Qu'est-ce que l'action de grâces";"DRIVE";"1_Nf2hyi4Uz6YAeAL-_vVvlgmj-86WLsu";"https://drive.google.com/uc?export=download&id=1_Nf2hyi4Uz6YAeAL-_vVvlgmj-86WLsu";"";"podcasts_047_qu-est-ce-que-l-action-de-graces.mp3"
"podcasts";"Église · Royaume";"Du stade d'invités à appelés, choisis et fidèles";"DRIVE";"1GQ3hVMUuqwtXsXaqYz7rrmY-z43_WiVj";"https://drive.google.com/uc?export=download&id=1GQ3hVMUuqwtXsXaqYz7rrmY-z43_WiVj";"";"podcasts_048_du-stade-d-invites-a-appeles-choisis-et-fideles.mp3"
"podcasts";"Église · Royaume";"L'exercice des dons du Seigneur face aux réalités du monde";"DRIVE";"1ssHva52f_Wgsq2p_A8RkHZqqn1Db51h1";"https://drive.google.com/uc?export=download&id=1ssHva52f_Wgsq2p_A8RkHZqqn1Db51h1";"";"podcasts_049_l-exercice-des-dons-du-seigneur-face-aux-realites-du-monde.mp3"
"podcasts";"Église · Royaume";"La dîme du testament de la loi au testament de la grâce";"DRIVE";"1eCvWYHRtSqUG0uRb-Z5lRgEPNscp_bw8";"https://drive.google.com/uc?export=download&id=1eCvWYHRtSqUG0uRb-Z5lRgEPNscp_bw8";"";"podcasts_050_la-dime-du-testament-de-la-loi-au-testament-de-la-grace.mp3"
"podcasts";"Église · Royaume";"La capacité donnée par DIEU de ramener les morts à la vie";"DRIVE";"1crU8lznoUqCDkAxJQW9ybVOGDiKYsH84";"https://drive.google.com/uc?export=download&id=1crU8lznoUqCDkAxJQW9ybVOGDiKYsH84";"";"podcasts_051_la-capacite-donnee-par-dieu-de-ramener-les-morts-a-la-vie.mp3"
"podcasts";"Vie spirituelle";"L'eau de vie";"DRIVE";"1kJRswRssMiHbO1dsBZrrnZjxRpBqIMcz";"https://drive.google.com/uc?export=download&id=1kJRswRssMiHbO1dsBZrrnZjxRpBqIMcz";"";"podcasts_052_l-eau-de-vie.mp3"
"podcasts";"Vie spirituelle";"Comment mène-t-on un combat spirituel";"DRIVE";"1xZC3iUuiGk7spIdC1nxCmlZeONv8Frrb";"https://drive.google.com/uc?export=download&id=1xZC3iUuiGk7spIdC1nxCmlZeONv8Frrb";"";"podcasts_053_comment-mene-t-on-un-combat-spirituel.mp3"
"podcasts";"Mariage · Famille";"L'église de Christ et le mariage";"DRIVE";"1udTINaOhdGKDw5mApmM6k5inaVSqFGAZ";"https://drive.google.com/uc?export=download&id=1udTINaOhdGKDw5mApmM6k5inaVSqFGAZ";"";"podcasts_054_l-eglise-de-christ-et-le-mariage.mp3"
"podcasts";"Mariage · Famille";"Le mariage selon le modèle de Christ et de l'église";"DRIVE";"1v3IguTB3Y-_jaBAPRY32IFPIv20Z4FUr";"https://drive.google.com/uc?export=download&id=1v3IguTB3Y-_jaBAPRY32IFPIv20Z4FUr";"";"podcasts_055_le-mariage-selon-le-modele-de-christ-et-de-l-eglise.mp3"
"podcasts";"Mariage · Famille";"Que doit-on comprendre par la femme est la gloire de l'homme";"DRIVE";"1tlMSWrtHiDnVwvuO5ykNJ8f3J12YSXYv";"https://drive.google.com/uc?export=download&id=1tlMSWrtHiDnVwvuO5ykNJ8f3J12YSXYv";"";"podcasts_056_que-doit-on-comprendre-par-la-femme-est-la-gloire-de-l-homme.mp3"
"podcasts";"Saint-Esprit";"Les sept esprits de DIEU";"DRIVE";"1gkYt11MpYjtw_JgKUpGG6WoMSk0SddUn";"https://drive.google.com/uc?export=download&id=1gkYt11MpYjtw_JgKUpGG6WoMSk0SddUn";"";"podcasts_057_les-sept-esprits-de-dieu.mp3"
"podcasts";"Saint-Esprit";"Que signifie le blasphème contre le Saint-Esprit";"DRIVE";"1jpGBBBoCxvRgNPOA0f5yvImV0X69n-R6";"https://drive.google.com/uc?export=download&id=1jpGBBBoCxvRgNPOA0f5yvImV0X69n-R6";"";"podcasts_058_que-signifie-le-blaspheme-contre-le-saint-esprit.mp3"
"podcasts";"Saint-Esprit";"Que signifient les expressions Révélation, Connaissance, Prophétie et Doctrine";"DRIVE";"1VKWVnck8yy0nH_dcG_C4Y3v1ECrQSgJg";"https://drive.google.com/uc?export=download&id=1VKWVnck8yy0nH_dcG_C4Y3v1ECrQSgJg";"";"podcasts_059_que-signifient-les-expressions-revelation-connaissance-prophetie-et-doctrine.mp3"
"podcasts";"Eschatologie";"Je ferai trembler non seulement la terre mais aussi le ciel";"DRIVE";"1T1xiHErxLmbWogwNyTFbpHkzCx0eGvvv";"https://drive.google.com/uc?export=download&id=1T1xiHErxLmbWogwNyTFbpHkzCx0eGvvv";"";"podcasts_060_je-ferai-trembler-non-seulement-la-terre-mais-aussi-le-ciel.mp3"
"podcasts";"Eschatologie";"La parabole des dix vierges";"DRIVE";"1aBCliW3u8tUxozn8_1zzKhxSrssLnC1I";"https://drive.google.com/uc?export=download&id=1aBCliW3u8tUxozn8_1zzKhxSrssLnC1I";"";"podcasts_061_la-parabole-des-dix-vierges.mp3"
"podcasts";"Eschatologie";"Les esprits des justes parvenus à la perfection";"DRIVE";"1A6sKVgPpGFrBtGEv_HB-4CnUkdFXVply";"https://drive.google.com/uc?export=download&id=1A6sKVgPpGFrBtGEv_HB-4CnUkdFXVply";"";"podcasts_062_les-esprits-des-justes-parvenus-a-la-perfection.mp3"
"podcasts";"Eschatologie";"Quel sort est réservé aux juifs";"DRIVE";"1KOsI0hwEYx-0R8AEGM1VPWoUCbXMNe9R";"https://drive.google.com/uc?export=download&id=1KOsI0hwEYx-0R8AEGM1VPWoUCbXMNe9R";"";"podcasts_063_quel-sort-est-reserve-aux-juifs.mp3"
"podcasts";"Christ · Êtres célestes";"Jésus Christ, l'étoile brillante du matin";"DRIVE";"1WlREC-38gyqCYBdoCTBV3r3P5a0WaZFl";"https://drive.google.com/uc?export=download&id=1WlREC-38gyqCYBdoCTBV3r3P5a0WaZFl";"";"podcasts_064_jesus-christ-l-etoile-brillante-du-matin.mp3"
"podcasts";"Christ · Êtres célestes";"Différence entre DIEU le père et le Seigneur Jésus Christ";"DRIVE";"1JkuwtQGeQEuDQc2rFdcvSxzViAXDlpyE";"https://drive.google.com/uc?export=download&id=1JkuwtQGeQEuDQc2rFdcvSxzViAXDlpyE";"";"podcasts_065_difference-entre-dieu-le-pere-et-le-seigneur-jesus-christ.mp3"
"podcasts";"Christ · Êtres célestes";"Qui est l'Ange de l'Eternel dans les saintes écritures";"DRIVE";"1sD9L-aHOmzyGvvibjtl5VuPbIUJo6zDY";"https://drive.google.com/uc?export=download&id=1sD9L-aHOmzyGvvibjtl5VuPbIUJo6zDY";"";"podcasts_066_qui-est-l-ange-de-l-eternel-dans-les-saintes-ecritures.mp3"